batter,season_hr_rate,recent_hr_rate,avg_exit_velocity,hard_hit_rate,barrel_rate,avg_launch_angle,pitcher_hr_rate,expected_plate_appearances
457705,0.0,0.0,83.10000000000001,0.21875,0.0,21.71875,0.020833333333333332,1.9
500743,0.013513513513513514,0.0,82.38277511961722,0.27751196172248804,0.028708133971291867,18.267942583732058,0.020833333333333332,2.3
502671,0.05537459283387622,0.07142857142857142,82.1706329113924,0.21772151898734177,0.053164556962025315,19.544303797468356,0.020833333333333332,2.8
506702,0.0,0.0,76.4578125,0.109375,0.0,22.125,0.020833333333333332,2.4
514888,0.03353658536585366,0.024390243902439025,79.35738498789345,0.2009685230024213,0.021791767554479417,12.467312348668282,0.020833333333333332,4.1
516782,0.015384615384615385,0.03571428571428571,78.56918604651163,0.20930232558139536,0.046511627906976744,15.063953488372093,0.020833333333333332,2.8
518595,0.034482758620689655,0.0,83.72500000000001,0.21875,0.0625,18.09375,0.020833333333333332,2.2
518692,0.027842227378190254,0.0,82.515749235474,0.22782874617737003,0.03058103975535168,17.863914373088686,0.020833333333333332,4.5
521692,0.030226700251889168,0.022727272727272728,82.5492385786802,0.23688663282571912,0.049069373942470386,20.524534686971236,0.020833333333333332,4.4
542303,0.03205128205128205,0.029411764705882353,84.59344262295082,0.2677595628415301,0.03278688524590164,20.295081967213115,0.020833333333333332,3.4
543309,0.04580152671755725,0.06060606060606061,82.06024096385542,0.22289156626506024,0.03614457831325301,21.53012048192771,0.020833333333333332,3.3
543510,0.04878048780487805,0.0,82.70404040404041,0.30303030303030304,0.06060606060606061,15.252525252525253,0.020833333333333332,3.5
543760,0.039634146341463415,0.0,81.8465721040189,0.20094562647754138,0.03309692671394799,19.67612293144208,0.020833333333333332,4.0
543807,0.03287671232876712,0.05555555555555555,81.7031746031746,0.20634920634920634,0.03373015873015873,14.718253968253968,0.020833333333333332,3.6
543877,0.02702702702702703,0.07142857142857142,78.90115830115829,0.13127413127413126,0.011583011583011582,16.656370656370655,0.020833333333333332,2.8
545121,0.00911854103343465,0.0,81.70960334029228,0.24425887265135698,0.014613778705636743,12.313152400835072,0.020833333333333332,4.0
545341,0.06179775280898876,0.11764705882352941,85.0650406504065,0.2967479674796748,0.06097560975609756,20.723577235772357,0.020833333333333332,1.7
545361,0.026595744680851064,0.0,81.38618421052631,0.21710526315789475,0.06140350877192982,21.16885964912281,0.020833333333333332,4.5
547180,0.04719101123595506,0.045454545454545456,83.90702702702701,0.25405405405405407,0.05045045045045045,16.76036036036036,0.020833333333333332,4.4
553869,0.02824858757062147,0.03333333333333333,81.4436,0.232,0.04,16.992,0.020833333333333332,3.0
553993,0.052795031055900624,0.05128205128205128,83.86078431372549,0.23809523809523808,0.05322128851540616,18.859943977591037,0.020833333333333332,3.9
571448,0.041237113402061855,0.024390243902439025,82.36102661596958,0.2376425855513308,0.028517110266159697,20.768060836501903,0.020833333333333332,4.1
571657,0.0,0.0,83.69999999999999,0.0,0.0,78.0,0.020833333333333332,1.0
571771,0.0425531914893617,0.03571428571428571,82.82000000000001,0.2153846153846154,0.046153846153846156,21.6,0.020833333333333332,2.8
571912,0.03333333333333333,0.0,77.57142857142857,0.08571428571428572,0.02857142857142857,23.34285714285714,0.020833333333333332,2.5
571945,0.0,0.0,0.0,0.0,0.0,0.0,0.020833333333333332,4.0
571970,0.049132947976878616,0.02631578947368421,83.23584905660377,0.2617924528301887,0.05660377358490566,19.09198113207547,0.020833333333333332,3.8
572233,0.03980099502487562,0.023809523809523808,83.12639691714836,0.24855491329479767,0.036608863198458574,19.986512524084777,0.020833333333333332,4.2
573262,0.03862660944206009,0.0,85.77482993197279,0.29931972789115646,0.04421768707482993,22.833333333333332,0.020833333333333332,2.4
575929,0.05093833780160858,0.022222222222222223,82.55829694323145,0.2838427947598253,0.056768558951965066,18.4235807860262,0.020833333333333332,4.5
592206,0.05555555555555555,0.06896551724137931,81.45205479452055,0.2191780821917808,0.0410958904109589,13.150684931506849,0.020833333333333332,2.9
592450,0.037383177570093455,0.022727272727272728,86.85333333333332,0.3416666666666667,0.075,17.333333333333332,0.020833333333333332,4.4
592518,0.042316258351893093,0.0,83.97193605683836,0.27708703374777977,0.05328596802841918,23.45115452930728,0.020833333333333332,4.6
592626,0.06984126984126984,0.08,85.58035714285714,0.3112244897959184,0.06887755102040816,22.262755102040817,0.020833333333333332,2.5
592663,0.028037383177570093,0.05128205128205128,84.24014423076923,0.25240384615384615,0.028846153846153848,17.348557692307693,0.020833333333333332,3.9
592885,0.021917808219178082,0.0,82.26422018348624,0.24311926605504589,0.05733944954128441,10.089449541284404,0.020833333333333332,3.8
593428,0.015544041450777202,0.0,84.56422018348624,0.286697247706422,0.034403669724770644,5.944954128440367,0.020833333333333332,3.8
593871,0.012345679012345678,0.02702702702702703,81.42871287128712,0.2079207920792079,0.019801980198019802,22.712871287128714,0.020833333333333332,3.7
595879,0.0,0.0,80.472,0.26,0.01,7.35,0.020833333333333332,3.3
595978,0.025,0.030303030303030304,79.68124999999999,0.203125,0.036458333333333336,18.229166666666668,0.020833333333333332,3.3
596019,0.04878048780487805,0.047619047619047616,85.27857142857142,0.32298136645962733,0.049689440993788817,23.09006211180124,0.020833333333333332,4.2
596103,0.0,0.0,82.20454545454545,0.13636363636363635,0.0,12.795454545454545,0.020833333333333332,3.6
596115,0.022222222222222223,0.025,82.41428571428571,0.21428571428571427,0.03571428571428571,21.821428571428573,0.020833333333333332,4.0
596117,0.0,0.0,76.44727272727273,0.12727272727272726,0.0,17.181818181818183,0.020833333333333332,3.1
596142,0.03870967741935484,0.03225806451612903,81.06898734177214,0.22784810126582278,0.0379746835443038,13.50632911392405,0.020833333333333332,3.1
596146,0.014814814814814815,0.0,82.66424581005586,0.25139664804469275,0.0446927374301676,20.022346368715084,0.020833333333333332,3.9
602104,0.027777777777777776,0.027777777777777776,87.52608695652175,0.30434782608695654,0.043478260869565216,29.82608695652174,0.020833333333333332,3.0
605137,0.034653465346534656,0.0,82.84037162162163,0.23817567567567569,0.04391891891891892,17.069256756756758,0.020833333333333332,4.3
605141,0.03580562659846547,0.021739130434782608,84.48137254901961,0.25882352941176473,0.043137254901960784,21.65686274509804,0.020833333333333332,4.6
605170,0.024896265560165973,0.0,84.90244755244754,0.2727272727272727,0.04195804195804196,16.25874125874126,0.020833333333333332,3.8
605244,0.03571428571428571,0.03571428571428571,81.24444444444445,0.16666666666666666,0.027777777777777776,5.833333333333333,0.020833333333333332,3.5
606115,0.020833333333333332,0.03125,82.04677419354839,0.16129032258064516,0.016129032258064516,17.983870967741936,0.020833333333333332,3.2
606192,0.02973977695167286,0.023809523809523808,83.00760233918128,0.23684210526315788,0.043859649122807015,21.526315789473685,0.020833333333333332,4.2
606466,0.041343669250646,0.05,85.06924603174603,0.3194444444444444,0.061507936507936505,14.996031746031745,0.020833333333333332,4.0
606992,0.0547945205479452,0.0,80.11643835616438,0.2054794520547945,0.1095890410958904,12.342465753424657,0.020833333333333332,3.6
607043,0.024213075060532687,0.021739130434782608,84.78078175895764,0.2785016286644951,0.048859934853420196,18.90228013029316,0.020833333333333332,4.6
607208,0.029213483146067417,0.0,82.44275862068966,0.24655172413793103,0.034482758620689655,16.83448275862069,0.020833333333333332,4.6
608070,0.017006802721088437,0.022222222222222223,84.48209302325581,0.28604651162790695,0.009302325581395349,18.99767441860465,0.020833333333333332,4.5
608324,0.043010752688172046,0.14285714285714285,82.66587677725119,0.2353870458135861,0.026856240126382307,22.339652448657187,0.020833333333333332,4.9
608348,0.02973977695167286,0.07317073170731707,80.92821917808219,0.20273972602739726,0.019178082191780823,17.660273972602738,0.020833333333333332,4.1
608369,0.03723404255319149,0.0,85.2271111111111,0.30666666666666664,0.07111111111111111,21.12,0.020833333333333332,4.5
608701,0.024390243902439025,0.034482758620689655,88.0,0.0,0.0,12.0,0.020833333333333332,2.9
608841,0.0,0.0,86.22380952380952,0.38095238095238093,0.0,16.80952380952381,0.020833333333333332,2.625
609280,0.01818181818181818,0.0,81.74573643410852,0.2054263565891473,0.023255813953488372,15.5968992248062,0.020833333333333332,2.7
620443,0.03864734299516908,0.13333333333333333,83.68315789473685,0.22456140350877193,0.03508771929824561,14.028070175438597,0.020833333333333332,3.0
621020,0.03715170278637771,0.04878048780487805,83.29817232375979,0.2349869451697128,0.033942558746736295,15.140992167101828,0.020833333333333332,4.1
621043,0.0,0.0,0.0,0.0,0.0,0.0,0.020833333333333332,4.0
621438,0.06164383561643835,0.03125,81.10372340425532,0.26063829787234044,0.06914893617021277,19.143617021276597,0.020833333333333332,3.2
621439,0.05813953488372093,0.0,85.32006172839505,0.3055555555555556,0.07716049382716049,19.47222222222222,0.020833333333333332,4.3
621493,0.014218009478672985,0.0,82.77035398230089,0.2234513274336283,0.028761061946902654,18.800884955752213,0.020833333333333332,3.9
621550,0.02127659574468085,0.030303030303030304,83.50909090909092,0.21818181818181817,0.09090909090909091,33.163636363636364,0.020833333333333332,3.3
621566,0.058823529411764705,0.023255813953488372,85.1791461412151,0.2922824302134647,0.06568144499178982,22.461412151067325,0.020833333333333332,4.3
622268,0.020512820512820513,0.02857142857142857,80.48134328358209,0.2126865671641791,0.022388059701492536,14.421641791044776,0.020833333333333332,3.5
622761,0.024390243902439025,0.03125,80.31575757575757,0.24242424242424243,0.03636363636363636,18.945454545454545,0.020833333333333332,3.2
623168,0.008928571428571428,0.0,75.09079754601227,0.08588957055214724,0.006134969325153374,16.680981595092025,0.020833333333333332,3.1
623205,0.0,0.0,69.8125,0.09375,0.0,18.5,0.020833333333333332,3.25
624413,0.05752212389380531,0.06976744186046512,86.26074450084603,0.3248730964467005,0.07106598984771574,19.411167512690355,0.020833333333333332,4.3
624424,0.057692307692307696,0.06451612903225806,83.1295719844358,0.26459143968871596,0.054474708171206226,20.56809338521401,0.020833333333333332,3.1
624428,0.0,0.0,79.93333333333334,0.13333333333333333,0.013333333333333334,17.626666666666665,0.020833333333333332,2.3
624431,0.04716981132075472,0.03125,82.14809160305343,0.22137404580152673,0.022900763358778626,13.664122137404581,0.020833333333333332,3.2
624585,0.022321428571428572,0.023255813953488372,83.04125,0.26666666666666666,0.05416666666666667,15.933333333333334,0.020833333333333332,4.3
624641,0.03571428571428571,0.06060606060606061,80.78273092369477,0.24497991967871485,0.040160642570281124,16.50602409638554,0.020833333333333332,3.3
628451,0.0,0.0,71.56666666666665,0.0,0.0,-15.333333333333334,0.020833333333333332,2.0
630105,0.013215859030837005,0.0,80.71455696202533,0.18670886075949367,0.00949367088607595,14.914556962025317,0.020833333333333332,4.4
640459,0.02040816326530612,0.03225806451612903,77.54838709677419,0.16129032258064516,0.03225806451612903,11.096774193548388,0.020833333333333332,3.1
640492,0.0,0.0,76.505,0.1,0.0,16.5,0.020833333333333332,1.875
640902,0.025974025974025976,0.0,81.93652173913043,0.22608695652173913,0.017391304347826087,18.321739130434782,0.020833333333333332,3.0
641343,0.04864864864864865,0.024390243902439025,84.76271604938272,0.31851851851851853,0.07654320987654321,17.632098765432097,0.020833333333333332,4.1
641355,0.02127659574468085,0.024390243902439025,83.23816964285713,0.21205357142857142,0.029017857142857144,21.087053571428573,0.020833333333333332,4.1
641487,0.02962962962962963,0.0,80.79662921348314,0.21067415730337077,0.02247191011235955,16.901685393258425,0.020833333333333332,3.6
641555,0.0,0.0,81.21666666666667,0.18181818181818182,0.015151515151515152,14.378787878787879,0.020833333333333332,3.1
641584,0.0,0.0,73.44444444444444,0.027777777777777776,0.027777777777777776,24.22222222222222,0.020833333333333332,4.333333333333333
641598,0.041666666666666664,0.04,85.53333333333335,0.30303030303030304,0.050505050505050504,21.03030303030303,0.020833333333333332,2.5
641680,0.039711191335740074,0.027777777777777776,82.7532299741602,0.2222222222222222,0.03617571059431524,19.227390180878555,0.020833333333333332,3.6
641820,0.0,0.0,88.0,0.0,0.0,12.0,0.020833333333333332,3.25
641857,0.037037037037037035,0.0,83.97444444444444,0.26666666666666666,0.044444444444444446,18.325925925925926,0.020833333333333332,2.8
641933,0.04455445544554455,0.02564102564102564,83.59367588932807,0.25296442687747034,0.05138339920948617,22.225296442687746,0.020833333333333332,3.9
642020,0.0,0.0,76.01379310344828,0.10344827586206896,0.0,13.379310344827585,0.020833333333333332,3.142857142857143
642086,0.018691588785046728,0.0,82.54740484429065,0.1903114186851211,0.020761245674740483,16.501730103806228,0.020833333333333332,2.1
642133,0.05,0.05,83.65333333333334,0.1,0.06666666666666667,26.933333333333334,0.020833333333333332,1.6666666666666667
642201,0.024193548387096774,0.0,79.51333333333334,0.16666666666666666,0.022222222222222223,11.422222222222222,0.020833333333333332,2.5
642215,0.03571428571428571,0.03225806451612903,80.14385964912282,0.20175438596491227,0.02631578947368421,12.456140350877194,0.020833333333333332,3.1
642350,0.03723404255319149,0.0,81.79683257918552,0.248868778280543,0.06787330316742081,16.14027149321267,0.020833333333333332,3.4
642708,0.04081632653061224,0.0,82.46632653061225,0.22448979591836735,0.05102040816326531,20.306122448979593,0.020833333333333332,2.0
642715,0.049723756906077346,0.075,82.54123006833713,0.2437357630979499,0.04555808656036447,20.88154897494305,0.020833333333333332,4.0
642851,0.020833333333333332,0.04,78.87301587301587,0.1746031746031746,0.0,12.714285714285714,0.020833333333333332,2.5
643217,0.04,0.02631578947368421,83.15365239294711,0.24937027707808565,0.04030226700251889,23.047858942065492,0.020833333333333332,3.8
643289,0.020151133501259445,0.0,80.23822152886115,0.17004680187207488,0.015600624024960999,22.962558502340094,0.020833333333333332,4.0
643376,0.036585365853658534,0.05405405405405406,81.51764705882353,0.20588235294117646,0.0392156862745098,25.92156862745098,0.020833333333333332,3.7
643396,0.021052631578947368,0.029411764705882353,78.9023076923077,0.19230769230769232,0.015384615384615385,11.207692307692307,0.020833333333333332,3.4
643446,0.016129032258064516,0.0,81.66424361493124,0.20235756385068762,0.009823182711198428,19.094302554027504,0.020833333333333332,4.4
644433,0.0,0.0,76.91571428571427,0.15714285714285714,0.0,10.814285714285715,0.020833333333333332,2.6
645277,0.029748283752860413,0.0,82.0632801161103,0.1799709724238026,0.018867924528301886,20.83454281567489,0.020833333333333332,4.2
645302,0.0,0.0,78.06868131868131,0.14285714285714285,0.005494505494505495,11.868131868131869,0.020833333333333332,3.3
645305,0.014492753623188406,0.0,78.73766233766233,0.18181818181818182,0.012987012987012988,15.597402597402597,0.020833333333333332,1.7
646240,0.06263982102908278,0.08888888888888889,86.22054054054054,0.3171171171171171,0.06306306306306306,21.646846846846845,0.020833333333333332,4.5
647304,0.014634146341463415,0.0,82.20162454873646,0.2509025270758123,0.021660649819494584,13.783393501805055,0.020833333333333332,4.1
649966,0.05263157894736842,0.038461538461538464,77.88901098901098,0.14285714285714285,0.03296703296703297,20.692307692307693,0.020833333333333332,2.6
650333,0.014018691588785047,0.0,81.45883211678832,0.12408759124087591,0.008759124087591242,22.086131386861314,0.020833333333333332,3.4
650402,0.02912621359223301,0.0,83.3123188405797,0.21014492753623187,0.036231884057971016,21.608695652173914,0.020833333333333332,4.2
650489,0.036939313984168866,0.023255813953488372,80.97872340425532,0.2437137330754352,0.03868471953578337,21.85880077369439,0.020833333333333332,4.3
650490,0.033185840707964605,0.022222222222222223,84.19374045801527,0.2778625954198473,0.03816793893129771,16.851908396946566,0.020833333333333332,4.5
650559,0.041666666666666664,0.03571428571428571,81.78769230769231,0.2153846153846154,0.03076923076923077,11.753846153846155,0.020833333333333332,2.8
650859,0.01646090534979424,0.0,81.99335260115606,0.2254335260115607,0.014450867052023121,11.219653179190752,0.020833333333333332,3.4
650968,0.03125,0.047619047619047616,81.22830188679244,0.1320754716981132,0.018867924528301886,27.452830188679247,0.020833333333333332,2.1
655316,0.018796992481203006,0.0,81.85113924050633,0.17468354430379746,0.03291139240506329,22.70126582278481,0.020833333333333332,3.9
656305,0.029411764705882353,0.0,81.54255319148936,0.22340425531914893,0.03900709219858156,22.73049645390071,0.020833333333333332,4.0
656413,0.0,0.0,88.0,0.0,0.0,12.0,0.020833333333333332,2.4
656484,0.008130081300813009,0.0,80.17151515151515,0.19393939393939394,0.01818181818181818,21.66060606060606,0.020833333333333332,3.0
656537,0.04794520547945205,0.034482758620689655,80.67916666666667,0.20238095238095238,0.05357142857142857,18.363095238095237,0.020833333333333332,2.9
656555,0.05,0.07692307692307693,85.0996015936255,0.26294820717131473,0.06374501992031872,30.302788844621514,0.020833333333333332,2.6
656577,0.014285714285714285,0.041666666666666664,76.72608695652174,0.16304347826086957,0.010869565217391304,15.152173913043478,0.020833333333333332,2.4
656582,0.0,0.0,79.6241379310345,0.1724137931034483,0.0,18.413793103448278,0.020833333333333332,2.4444444444444446
656716,0.009146341463414634,0.0,79.73389830508475,0.125,0.01059322033898305,20.99364406779661,0.020833333333333332,3.1
656775,0.03571428571428571,0.03225806451612903,80.80251141552512,0.19863013698630136,0.02511415525114155,24.474885844748858,0.020833333333333332,3.1
656811,0.047244094488188976,0.024390243902439025,83.10453257790368,0.24645892351274787,0.036827195467422094,17.269121813031163,0.020833333333333332,4.1
656941,0.0659090909090909,0.06382978723404255,86.04567404426558,0.32595573440643866,0.0744466800804829,21.424547283702214,0.020833333333333332,4.7
656976,0.012987012987012988,0.0,81.99900990099009,0.19801980198019803,0.019801980198019802,16.623762376237625,0.020833333333333332,3.4
657041,0.03436426116838488,0.0,82.45625,0.24147727272727273,0.03977272727272727,18.59090909090909,0.020833333333333332,2.5
657136,0.023809523809523808,0.02702702702702703,80.60576923076923,0.24519230769230768,0.028846153846153848,14.254807692307692,0.020833333333333332,3.7
657656,0.04285714285714286,0.05714285714285714,82.05696202531645,0.24050632911392406,0.0759493670886076,14.670886075949367,0.020833333333333332,3.5
657757,0.03821656050955414,0.038461538461538464,82.26861826697892,0.25995316159250587,0.02810304449648712,20.569086651053865,0.020833333333333332,2.6
660162,0.0,0.0,82.49117647058823,0.14705882352941177,0.0,20.676470588235293,0.020833333333333332,2.6666666666666665
660271,0.05581395348837209,0.0,85.76646216768917,0.3210633946830266,0.081799591002045,17.703476482617585,0.020833333333333332,4.7
660644,0.0,0.0,74.25333333333333,0.03333333333333333,0.0,17.8,0.020833333333333332,2.4
660670,0.04954954954954955,0.0,83.03496503496504,0.25874125874125875,0.06293706293706294,18.751748251748253,0.020833333333333332,4.4
660688,0.0326530612244898,0.05405405405405406,83.19671641791044,0.26865671641791045,0.026865671641791045,18.074626865671643,0.020833333333333332,3.7
660710,0.034482758620689655,0.0,80.59615384615384,0.20192307692307693,0.04807692307692308,16.240384615384617,0.020833333333333332,3.1
660821,0.022988505747126436,0.0,82.04907407407407,0.25462962962962965,0.06944444444444445,17.97685185185185,0.020833333333333332,3.0
660844,0.0,0.0,81.5,0.17142857142857143,0.0,13.771428571428572,0.020833333333333332,2.6
661388,0.024330900243309004,0.022222222222222223,84.89259259259259,0.29239766081871343,0.04873294346978557,16.75243664717349,0.020833333333333332,4.5
661531,0.08,0.08108108108108109,82.68275862068964,0.22413793103448276,0.06896551724137931,17.275862068965516,0.020833333333333332,3.7
662139,0.017699115044247787,0.046511627906976744,81.72749490835031,0.23828920570264767,0.03054989816700611,20.09164969450102,0.020833333333333332,4.3
663330,0.018867924528301886,0.0,84.7135922330097,0.2912621359223301,0.02912621359223301,18.45631067961165,0.020833333333333332,1.8
663368,0.020833333333333332,0.043478260869565216,81.44999999999999,0.24193548387096775,0.03225806451612903,20.85483870967742,0.020833333333333332,2.3
663457,0.023622047244094488,0.0967741935483871,85.79280821917808,0.3219178082191781,0.06164383561643835,13.48972602739726,0.020833333333333332,3.1
663494,0.029411764705882353,0.0,80.32417582417582,0.16483516483516483,0.02197802197802198,15.373626373626374,0.020833333333333332,2.7
663538,0.009070294784580499,0.023255813953488372,81.08463949843261,0.1755485893416928,0.006269592476489028,17.322884012539184,0.020833333333333332,4.3
663584,0.03333333333333333,0.03333333333333333,70.08421052631579,0.07894736842105263,0.0,7.7368421052631575,0.020833333333333332,2.5
663586,0.027918781725888325,0.0,84.37044025157232,0.2662473794549266,0.06289308176100629,22.360587002096437,0.020833333333333332,3.8
663604,0.0,0.0,79.72352941176472,0.08823529411764706,0.0,6.117647058823529,0.020833333333333332,2.2857142857142856
663611,0.0,0.0,82.24691358024691,0.14814814814814814,0.0,11.604938271604938,0.020833333333333332,3.8
663616,0.03205128205128205,0.030303030303030304,84.3568783068783,0.30687830687830686,0.042328042328042326,13.738095238095237,0.020833333333333332,3.3
663647,0.03418803418803419,0.034482758620689655,83.32344827586206,0.2413793103448276,0.027586206896551724,21.96551724137931,0.020833333333333332,2.9
663656,0.020887728459530026,0.0,82.32180180180181,0.22342342342342342,0.023423423423423424,19.27207207207207,0.020833333333333332,4.4
663662,0.045454545454545456,0.045454545454545456,77.48529411764704,0.14705882352941177,0.058823529411764705,28.41176470588235,0.020833333333333332,3.142857142857143
663698,0.03896103896103896,0.0,81.39032258064516,0.20430107526881722,0.043010752688172046,18.172043010752688,0.020833333333333332,2.8
663728,0.045454545454545456,0.175,85.7396782841823,0.2707774798927614,0.058981233243967826,26.88739946380697,0.020833333333333332,4.0
663743,0.015306122448979591,0.0,80.09625468164795,0.24344569288389514,0.0149812734082397,12.831460674157304,0.020833333333333332,3.3
663757,0.03724928366762178,0.022727272727272728,85.13122171945702,0.2918552036199095,0.04524886877828054,23.785067873303166,0.020833333333333332,4.4
663837,0.018867924528301886,0.0,82.53053691275167,0.22483221476510068,0.030201342281879196,25.691275167785236,0.020833333333333332,3.0
663853,0.014705882352941176,0.0,80.42222222222223,0.24691358024691357,0.024691358024691357,8.098765432098766,0.020833333333333332,3.6
663886,0.04040404040404041,0.046511627906976744,83.20844686648502,0.22888283378746593,0.05994550408719346,20.029972752043598,0.020833333333333332,4.3
663967,0.0,0.0,79.78928571428573,0.14285714285714285,0.0,15.785714285714286,0.020833333333333332,3.1666666666666665
663968,0.012012012012012012,0.0,79.84518664047151,0.14145383104125736,0.011787819253438114,15.363457760314342,0.020833333333333332,3.4
663993,0.034129692832764506,0.023255813953488372,82.45707196029775,0.21836228287841192,0.034739454094292806,21.024813895781637,0.020833333333333332,4.3
664023,0.03631961259079903,0.07894736842105263,81.86982591876209,0.22437137330754353,0.04448742746615087,19.075435203094777,0.020833333333333332,3.8
664034,0.04481792717086835,0.044444444444444446,83.78998035363458,0.2554027504911591,0.03929273084479371,21.44007858546169,0.020833333333333332,4.5
664040,0.04672897196261682,0.04878048780487805,84.41322957198444,0.2723735408560311,0.058365758754863814,18.05252918287938,0.020833333333333332,4.1
664056,0.07692307692307693,0.05555555555555555,85.56567164179104,0.26865671641791045,0.04477611940298507,23.253731343283583,0.020833333333333332,3.6
664059,0.0,0.0,80.30434782608695,0.13043478260869565,0.0,18.043478260869566,0.020833333333333332,1.7
664702,0.004672897196261682,0.0,78.85800711743772,0.15658362989323843,0.014234875444839857,21.13879003558719,0.020833333333333332,3.2
664728,0.018292682926829267,0.05263157894736842,81.3360576923077,0.22596153846153846,0.009615384615384616,12.076923076923077,0.020833333333333332,3.8
664731,0.0,0.0,76.0111111111111,0.05555555555555555,0.0,24.72222222222222,0.020833333333333332,3.4
664761,0.03178484107579462,0.0,84.5095652173913,0.2608695652173913,0.03826086956521739,16.954782608695652,0.020833333333333332,4.2
664770,0.032467532467532464,0.1111111111111111,80.37505330490406,0.14498933901918976,0.014925373134328358,17.277185501066096,0.020833333333333332,3.6
664774,0.025423728813559324,0.038461538461538464,88.0,0.0,0.0,12.0,0.020833333333333332,2.6
664954,0.047619047619047616,0.027777777777777776,82.65789473684211,0.22488038277511962,0.03349282296650718,21.3444976076555,0.020833333333333332,3.6
664983,0.03357314148681055,0.021739130434782608,79.27194492254733,0.18244406196213425,0.03098106712564544,14.898450946643718,0.020833333333333332,4.6
665019,0.05025125628140704,0.05128205128205128,85.3554945054945,0.304029304029304,0.05860805860805861,20.142857142857142,0.020833333333333332,3.9
665052,0.05825242718446602,0.0,84.49908675799088,0.2785388127853881,0.0684931506849315,17.84474885844749,0.020833333333333332,3.7
665161,0.050746268656716415,0.07317073170731707,83.00799031476998,0.25907990314769974,0.0387409200968523,10.937046004842616,0.020833333333333332,4.1
665487,0.0368763557483731,0.044444444444444446,86.41853281853282,0.36293436293436293,0.07915057915057915,9.121621621621621,0.020833333333333332,4.5
665489,0.013297872340425532,0.0,83.86923076923077,0.2874493927125506,0.02834008097165992,15.20242914979757,0.020833333333333332,4.1
665506,0.0,0.0,78.31111111111112,0.05555555555555555,0.0,31.666666666666668,0.020833333333333332,1.75
665561,0.02857142857142857,0.03571428571428571,77.81166666666667,0.11666666666666667,0.016666666666666666,26.5,0.020833333333333332,2.8
665742,0.06643356643356643,0.02631578947368421,86.2519877675841,0.3302752293577982,0.07033639143730887,19.69113149847095,0.020833333333333332,3.8
665750,0.017391304347826087,0.025,78.63496659242762,0.1915367483296214,0.0200445434298441,19.385300668151448,0.020833333333333332,4.0
665804,0.019230769230769232,0.06451612903225806,81.81732673267328,0.21287128712871287,0.0297029702970297,22.683168316831683,0.020833333333333332,3.1
665828,0.0,0.0,74.15,0.1,0.0,2.5,0.020833333333333332,3.5
665833,0.045454545454545456,0.047619047619047616,84.81551724137931,0.3045977011494253,0.07471264367816093,13.982758620689655,0.020833333333333332,4.2
665856,0.0,0.0,0.0,0.0,0.0,0.0,0.020833333333333332,4.0
665861,0.0,0.0,74.10249999999999,0.075,0.0,22.05,0.020833333333333332,3.1
665862,0.04076086956521739,0.02631578947368421,84.72250580046403,0.29466357308584684,0.048723897911832945,18.440835266821345,0.020833333333333332,3.8
665877,0.01845018450184502,0.02564102564102564,82.55977961432507,0.22865013774104684,0.01652892561983471,18.487603305785125,0.020833333333333332,3.9
665923,0.021505376344086023,0.0,76.19575471698114,0.16037735849056603,0.02830188679245283,19.82075471698113,0.020833333333333332,2.9
665926,0.015723270440251572,0.0,79.2569264069264,0.13636363636363635,0.017316017316017316,15.391774891774892,0.020833333333333332,3.8
665953,0.055900621118012424,0.05128205128205128,84.8580487804878,0.33658536585365856,0.06829268292682927,20.570731707317073,0.020833333333333332,3.9
665966,0.0055248618784530384,0.0,80.81048034934499,0.18777292576419213,0.021834061135371178,23.59825327510917,0.020833333333333332,3.1
666018,0.02288329519450801,0.05128205128205128,84.47408026755853,0.24247491638795987,0.046822742474916385,20.96153846153846,0.020833333333333332,3.9
666023,0.023255813953488372,0.0,81.4581896551724,0.1853448275862069,0.02586206896551724,17.711206896551722,0.020833333333333332,3.3
666126,0.01646090534979424,0.029411764705882353,82.32116564417178,0.19938650306748465,0.018404907975460124,18.478527607361965,0.020833333333333332,3.4
666139,0.03125,0.0,81.64310954063605,0.18374558303886926,0.03180212014134275,22.710247349823323,0.020833333333333332,3.6
666152,0.01694915254237288,0.030303030303030304,78.30334448160535,0.1705685618729097,0.020066889632107024,15.622073578595318,0.020833333333333332,3.3
666160,0.03745318352059925,0.023809523809523808,82.61263736263736,0.260989010989011,0.038461538461538464,20.302197802197803,0.020833333333333332,4.2
666163,0.0,0.0,71.79677419354839,0.03225806451612903,0.0,14.35483870967742,0.020833333333333332,2.2
666176,0.039603960396039604,0.022727272727272728,83.11166666666668,0.2740740740740741,0.05555555555555555,16.822222222222223,0.020833333333333332,4.4
666181,0.017857142857142856,0.045454545454545456,84.2063829787234,0.2553191489361702,0.06382978723404255,22.95744680851064,0.020833333333333332,2.2
666182,0.027649769585253458,0.05,82.00921450151057,0.22054380664652568,0.03474320241691843,17.69788519637462,0.020833333333333332,4.0
666211,0.035897435897435895,0.0,81.71355140186917,0.22429906542056074,0.07009345794392523,20.44392523364486,0.020833333333333332,2.6
666310,0.0,0.0,85.4111111111111,0.16666666666666666,0.0,32.333333333333336,0.020833333333333332,2.5
666397,0.005780346820809248,0.0,83.85260663507108,0.2796208530805687,0.02843601895734597,12.938388625592417,0.020833333333333332,3.2
666624,0.0,0.0,79.69647058823529,0.18823529411764706,0.011764705882352941,26.858823529411765,0.020833333333333332,2.7
666969,0.03278688524590164,0.08333333333333333,84.41138211382112,0.2682926829268293,0.04878048780487805,21.382113821138212,0.020833333333333332,3.6
666971,0.014388489208633094,0.0,83.06424870466321,0.23834196891191708,0.02072538860103627,14.927461139896373,0.020833333333333332,3.6
667452,0.0,0.0,80.96666666666667,0.05555555555555555,0.0,22.666666666666668,0.020833333333333332,2.0
667472,0.02252252252252252,0.023255813953488372,81.22377622377623,0.2062937062937063,0.013986013986013986,15.468531468531468,0.020833333333333332,4.3
667670,0.058333333333333334,0.07894736842105263,82.96984126984128,0.2698412698412698,0.09523809523809523,19.73015873015873,0.020833333333333332,3.8
668227,0.043373493975903614,0.08888888888888889,83.9876923076923,0.24423076923076922,0.04230769230769231,15.211538461538462,0.020833333333333332,4.5
668670,0.034482758620689655,0.027777777777777776,81.01407407407407,0.2,0.044444444444444446,19.333333333333332,0.020833333333333332,3.6
668709,0.04328018223234624,0.022727272727272728,82.93357664233577,0.2572992700729927,0.04927007299270073,23.936131386861312,0.020833333333333332,4.4
668715,0.04198473282442748,0.04878048780487805,84.0173076923077,0.2564102564102564,0.05448717948717949,19.78846153846154,0.020833333333333332,4.1
668723,0.06077348066298342,0.07407407407407407,81.5732558139535,0.23255813953488372,0.046511627906976744,24.271317829457363,0.020833333333333332,2.7
668800,0.038461538461538464,0.038461538461538464,82.06764705882352,0.20588235294117646,0.029411764705882353,29.147058823529413,0.020833333333333332,2.6
668804,0.02466367713004484,0.0,84.73475046210721,0.2902033271719039,0.059149722735674676,12.022181146025877,0.020833333333333332,4.5
668885,0.00847457627118644,0.034482758620689655,81.3850909090909,0.18181818181818182,0.01818181818181818,13.334545454545454,0.020833333333333332,2.9
668901,0.04790419161676647,0.09375,84.74230769230768,0.28365384615384615,0.0673076923076923,19.615384615384617,0.020833333333333332,3.2
668904,0.029850746268656716,0.0,84.10443925233646,0.26635514018691586,0.056074766355140186,23.373831775700936,0.020833333333333332,3.8
668930,0.02947845804988662,0.021739130434782608,82.56903553299493,0.19120135363790186,0.030456852791878174,17.46362098138748,0.020833333333333332,4.6
668939,0.019011406844106463,0.02702702702702703,83.21994219653179,0.23410404624277456,0.03757225433526012,18.6878612716763,0.020833333333333332,3.7
668942,0.02197802197802198,0.027777777777777776,79.97983870967742,0.18548387096774194,0.008064516129032258,20.54032258064516,0.020833333333333332,3.6
668952,0.019138755980861243,0.03125,81.91818181818181,0.23106060606060605,0.041666666666666664,11.867424242424242,0.020833333333333332,3.2
668974,0.0,0.0,0.0,0.0,0.0,0.0,0.020833333333333332,4.0
669003,0.023668639053254437,0.02857142857142857,86.19916201117319,0.3128491620111732,0.06424581005586592,11.081005586592179,0.020833333333333332,3.5
669004,0.019230769230769232,0.0,84.63524590163935,0.2540983606557377,0.040983606557377046,30.139344262295083,0.020833333333333332,2.6
669016,0.0327455919395466,0.0,81.24725274725274,0.21611721611721613,0.04395604395604396,15.923076923076923,0.020833333333333332,3.0
669065,0.0431266846361186,0.0,84.89116945107399,0.324582338902148,0.06682577565632458,20.286396181384248,0.020833333333333332,3.8
669087,0.0,0.0,81.21304347826087,0.21739130434782608,0.043478260869565216,19.565217391304348,0.020833333333333332,2.6666666666666665
669127,0.04868913857677903,0.07317073170731707,85.4071875,0.2875,0.08125,23.96875,0.020833333333333332,4.1
669134,0.01639344262295082,0.0,82.1987012987013,0.23376623376623376,0.03896103896103896,16.616883116883116,0.020833333333333332,3.5
669208,0.0,0.0,85.8,0.16666666666666666,0.0,18.333333333333332,0.020833333333333332,4.0
669221,0.03508771929824561,0.05714285714285714,80.60746268656716,0.208955223880597,0.04477611940298507,15.373134328358208,0.020833333333333332,3.5
669224,0.030303030303030304,0.06060606060606061,82.37916666666666,0.2604166666666667,0.034722222222222224,21.569444444444443,0.020833333333333332,3.3
669236,0.007352941176470588,0.0,88.0,0.0,0.0,12.0,0.020833333333333332,2.3
669242,0.021645021645021644,0.022222222222222223,82.37010309278351,0.22336769759450173,0.030927835051546393,14.79725085910653,0.020833333333333332,4.5
669256,0.0,0.0,85.3125,0.1875,0.0625,-7.875,0.020833333333333332,2.0
669257,0.031914893617021274,0.05,84.48951612903227,0.24193548387096775,0.07258064516129033,22.370967741935484,0.020833333333333332,4.0
669289,0.03125,0.0,80.18,0.15555555555555556,0.022222222222222223,19.844444444444445,0.020833333333333332,2.2
669326,0.0,0.0,71.98666666666666,0.06666666666666667,0.0,19.133333333333333,0.020833333333333332,2.5
669357,0.02459016393442623,0.03225806451612903,85.35692307692307,0.2846153846153846,0.05384615384615385,27.0,0.020833333333333332,3.1
669360,0.0,0.0,71.15000000000002,0.0,0.0,49.5,0.020833333333333332,3.0
669364,0.00936768149882904,0.0,79.86636851520574,0.15384615384615385,0.014311270125223614,16.214669051878353,0.020833333333333332,4.3
669369,0.0,0.0,71.84444444444443,0.0,0.0,24.59259259259259,0.020833333333333332,2.2222222222222223
669384,0.02631578947368421,0.037037037037037035,80.47209302325581,0.23255813953488372,0.023255813953488372,6.1395348837209305,0.020833333333333332,2.7
669392,0.009615384615384616,0.0,75.32190476190476,0.1619047619047619,0.01904761904761905,8.019047619047619,0.020833333333333332,3.3
669394,0.04473684210526316,0.05405405405405406,84.17270693512305,0.30201342281879195,0.06487695749440715,18.161073825503355,0.020833333333333332,3.7
669397,0.01652892561983471,0.037037037037037035,78.42119205298012,0.18543046357615894,0.013245033112582781,16.304635761589402,0.020833333333333332,2.7
669398,0.05,0.0,85.17884615384615,0.19230769230769232,0.09615384615384616,16.826923076923077,0.020833333333333332,1.8
669477,0.0576271186440678,0.047619047619047616,83.76303854875283,0.2743764172335601,0.05668934240362812,23.249433106575964,0.020833333333333332,4.2
669699,0.02564102564102564,0.0,84.51111111111112,0.25925925925925924,0.037037037037037035,17.52777777777778,0.020833333333333332,2.7
669701,0.04,0.07142857142857142,76.54673913043477,0.13043478260869565,0.05434782608695652,10.141304347826088,0.020833333333333332,2.8
669707,0.010169491525423728,0.029411764705882353,81.63694444444444,0.25,0.016666666666666666,11.227777777777778,0.020833333333333332,3.4
669720,0.03333333333333333,0.0,82.35135135135135,0.21621621621621623,0.02702702702702703,7.108108108108108,0.020833333333333332,2.9
669743,0.008064516129032258,0.0,77.82982456140351,0.1111111111111111,0.011695906432748537,19.34502923976608,0.020833333333333332,2.2
669899,0.05660377358490566,0.0,81.63414634146342,0.15853658536585366,0.036585365853658534,28.585365853658537,0.020833333333333332,2.8
669911,0.0,0.0,84.8913043478261,0.34782608695652173,0.0,18.130434782608695,0.020833333333333332,3.0
670032,0.004464285714285714,0.0,78.90090634441088,0.12084592145015106,0.0,12.066465256797583,0.020833333333333332,2.0
670042,0.05291005291005291,0.043478260869565216,83.24044444444444,0.28,0.07555555555555556,17.54222222222222,0.020833333333333332,2.3
670097,0.0,0.0,79.22876712328768,0.136986301369863,0.0273972602739726,25.534246575342465,0.020833333333333332,2.1
670156,0.0,0.0,81.97741935483872,0.12903225806451613,0.0,12.612903225806452,0.020833333333333332,3.2222222222222223
670224,0.0,0.0,76.97358490566037,0.1320754716981132,0.0,20.830188679245282,0.020833333333333332,3.2
670231,0.03333333333333333,0.027777777777777776,81.117,0.27,0.08,18.94,0.020833333333333332,3.6
670242,0.03571428571428571,0.03571428571428571,83.56153846153846,0.07692307692307693,0.038461538461538464,16.384615384615383,0.020833333333333332,3.5
670541,0.05707762557077625,0.022727272727272728,85.88941605839415,0.31204379562043794,0.08211678832116788,24.162408759124087,0.020833333333333332,4.4
670623,0.03233256351039261,0.022222222222222223,82.58863636363637,0.21212121212121213,0.025757575757575757,22.125757575757575,0.020833333333333332,4.5
670764,0.006389776357827476,0.0,78.9475935828877,0.14705882352941177,0.013368983957219251,18.863636363636363,0.020833333333333332,3.8
670770,0.015748031496062992,0.041666666666666664,79.12627737226276,0.1897810218978102,0.021897810218978103,21.182481751824817,0.020833333333333332,2.4
671056,0.021929824561403508,0.0,83.12859424920129,0.25878594249201275,0.022364217252396165,15.543130990415335,0.020833333333333332,4.4
671083,0.0,0.0,79.22131147540983,0.18032786885245902,0.04918032786885246,27.475409836065573,0.020833333333333332,2.5
671155,0.0,0.0,76.66923076923078,0.07692307692307693,0.0,21.692307692307693,0.020833333333333332,1.8
671218,0.024390243902439025,0.0,84.56528662420382,0.27070063694267515,0.06369426751592357,15.52547770700637,0.020833333333333332,3.3
671277,0.07520891364902507,0.07894736842105263,85.04211538461539,0.29615384615384616,0.07692307692307693,13.307692307692308,0.020833333333333332,3.8
671286,0.0,0.0,0.0,0.0,0.0,0.0,0.020833333333333332,4.0
671289,0.009216589861751152,0.0,80.54012539184954,0.21630094043887146,0.009404388714733543,13.639498432601881,0.020833333333333332,2.7
671732,0.027777777777777776,0.023255813953488372,81.90352941176471,0.24,0.03529411764705882,15.263529411764706,0.020833333333333332,4.3
671739,0.03818615751789976,0.07142857142857142,82.57612456747405,0.2958477508650519,0.04671280276816609,14.0,0.020833333333333332,4.2
671976,0.03625377643504532,0.13157894736842105,81.39060402684564,0.2348993288590604,0.03355704697986577,18.74944071588367,0.020833333333333332,3.8
672012,0.0,0.0,85.63333333333333,0.16666666666666666,0.0,5.444444444444445,0.020833333333333332,2.0
672016,0.0,0.0,0.0,0.0,0.0,0.0,0.020833333333333332,4.0
672275,0.03,0.02631578947368421,82.77352941176471,0.22426470588235295,0.03676470588235294,15.180147058823529,0.020833333333333332,3.8
672279,0.0,0.0,0.0,0.0,0.0,0.0,0.020833333333333332,4.0
672284,0.013333333333333334,0.0,83.99864864864865,0.25675675675675674,0.0945945945945946,14.432432432432432,0.020833333333333332,1.9
672356,0.026785714285714284,0.0,81.3036036036036,0.22522522522522523,0.04504504504504504,7.63963963963964,0.020833333333333332,3.4
672386,0.032407407407407406,0.04878048780487805,84.17184115523466,0.2743682310469314,0.021660649819494584,16.353790613718413,0.020833333333333332,4.1
672515,0.025,0.022222222222222223,82.9575389948007,0.24783362218370883,0.036395147313691506,15.961871750433275,0.020833333333333332,4.5
672569,0.0,0.0,86.44285714285715,0.07142857142857142,0.0,27.5,0.020833333333333332,3.6666666666666665
672580,0.0,0.0,83.8921658986175,0.2534562211981567,0.013824884792626729,13.488479262672811,0.020833333333333332,4.2
672613,0.0,0.0,82.48421052631578,0.15789473684210525,0.0,23.605263157894736,0.020833333333333332,2.2
672640,0.015765765765765764,0.022222222222222223,82.59341421143847,0.2772963604852686,0.03466204506065858,13.381282495667245,0.020833333333333332,4.5
672642,0.0,0.0,80.86666666666666,0.0,0.0,17.0,0.020833333333333332,2.0
672695,0.015350877192982455,0.0,82.64854368932039,0.215210355987055,0.014563106796116505,18.40938511326861,0.020833333333333332,4.2
672724,0.012711864406779662,0.0,79.33522012578617,0.20754716981132076,0.025157232704402517,14.39937106918239,0.020833333333333332,3.1
672761,0.045454545454545456,0.1,81.39548387096775,0.1870967741935484,0.03225806451612903,19.580645161290324,0.020833333333333332,3.0
672820,0.0,0.0,82.11186440677967,0.1694915254237288,0.01694915254237288,18.864406779661017,0.020833333333333332,2.5
672960,0.04691358024691358,0.07317073170731707,83.35992063492064,0.24206349206349206,0.061507936507936505,24.248015873015873,0.020833333333333332,4.1
673237,0.047337278106508875,0.05714285714285714,82.29194915254237,0.24152542372881355,0.038135593220338986,12.033898305084746,0.020833333333333332,3.5
673357,0.06896551724137931,0.1111111111111111,81.56143790849673,0.20261437908496732,0.06535947712418301,16.58823529411765,0.020833333333333332,3.6
673490,0.0,0.0,80.3325925925926,0.14814814814814814,0.014814814814814815,22.31111111111111,0.020833333333333332,2.7
673548,0.04308390022675737,0.04,82.79462962962963,0.2351851851851852,0.05555555555555555,23.15740740740741,0.020833333333333332,5.0
673962,0.018656716417910446,0.0,83.58680351906158,0.2844574780058651,0.03812316715542522,13.173020527859238,0.020833333333333332,4.4
673995,0.0,0.0,0.0,0.0,0.0,0.0,0.020833333333333332,4.0
675448,0.0,0.0,0.0,0.0,0.0,0.0,0.020833333333333332,4.0
675659,0.0,0.0,0.0,0.0,0.0,0.0,0.020833333333333332,4.0
675961,0.011904761904761904,0.0,77.78583333333334,0.17916666666666667,0.004166666666666667,21.420833333333334,0.020833333333333332,2.9
676356,0.03111111111111111,0.025,80.1470588235294,0.17973856209150327,0.016339869281045753,19.735294117647058,0.020833333333333332,4.0
676369,0.05102040816326531,0.045454545454545456,85.89906542056073,0.35514018691588783,0.07476635514018691,20.53271028037383,0.020833333333333332,2.2
676391,0.020151133501259445,0.0,79.29180887372014,0.12798634812286688,0.017064846416382253,20.112627986348123,0.020833333333333332,3.7
676439,0.017857142857142856,0.0,82.7497716894977,0.2602739726027397,0.0547945205479452,19.72146118721461,0.020833333333333332,3.0
676475,0.037122969837587005,0.0,86.94887096774194,0.32903225806451614,0.0532258064516129,17.204838709677418,0.020833333333333332,3.9
676551,0.0,0.0,88.125,0.3333333333333333,0.041666666666666664,9.208333333333334,0.020833333333333332,3.2857142857142856
676566,0.0,0.0,82.59999999999997,0.0,0.0,29.0,0.020833333333333332,1.0
676572,0.0392156862745098,0.0,80.63392857142857,0.16071428571428573,0.03571428571428571,15.196428571428571,0.020833333333333332,2.5
676609,0.03202846975088968,0.027777777777777776,77.95263157894736,0.13421052631578947,0.02368421052631579,19.41578947368421,0.020833333333333332,3.6
676694,0.01834862385321101,0.0,80.938,0.16,0.02,23.046666666666667,0.020833333333333332,2.9
676724,0.029850746268656716,0.0,83.37521865889212,0.27113702623906705,0.03498542274052478,18.568513119533527,0.020833333333333332,3.9
676914,0.027777777777777776,0.0,81.965,0.2625,0.0375,22.7875,0.020833333333333332,2.0
677008,0.0,0.0,0.0,0.0,0.0,0.0,0.020833333333333332,4.0
677060,0.0,0.0,75.62380952380951,0.11904761904761904,0.023809523809523808,20.38095238095238,0.020833333333333332,2.1
677587,0.01832460732984293,0.0,81.45280898876405,0.2153558052434457,0.018726591760299626,17.750936329588015,0.020833333333333332,3.8
677588,0.028708133971291867,0.034482758620689655,84.45146443514645,0.26359832635983266,0.05439330543933055,12.493723849372385,0.020833333333333332,2.9
677592,0.05714285714285714,0.07692307692307693,80.90285714285714,0.22857142857142856,0.08571428571428572,7.857142857142857,0.020833333333333332,2.6
677594,0.040100250626566414,0.023255813953488372,84.3236220472441,0.29133858267716534,0.05511811023622047,18.273622047244096,0.020833333333333332,4.3
677595,0.0,0.0,84.96428571428571,0.10714285714285714,0.03571428571428571,18.071428571428573,0.020833333333333332,2.3333333333333335
677649,0.03309692671394799,0.045454545454545456,81.40339558573855,0.21222410865874364,0.03225806451612903,18.850594227504246,0.020833333333333332,4.4
677800,0.04212860310421286,0.022222222222222223,82.29301948051948,0.24675324675324675,0.0633116883116883,24.852272727272727,0.020833333333333332,4.5
677870,0.011695906432748537,0.0,82.46842105263157,0.24401913875598086,0.023923444976076555,14.83732057416268,0.020833333333333332,2.8
677942,0.02247191011235955,0.024390243902439025,83.07712177121772,0.25092250922509224,0.04059040590405904,16.125461254612546,0.020833333333333332,4.1
677943,0.0,0.0,71.89999999999998,0.0,0.0,44.0,0.020833333333333332,1.0
677950,0.0,0.0,85.31142857142858,0.2571428571428571,0.02857142857142857,15.257142857142858,0.020833333333333332,3.25
677951,0.03753351206434316,0.021739130434782608,85.531096196868,0.3378076062639821,0.07158836689038031,21.20805369127517,0.020833333333333332,4.6
677956,0.0,0.0,0.0,0.0,0.0,0.0,0.020833333333333332,4.0
678011,0.01775147928994083,0.0,82.40566037735849,0.21226415094339623,0.0330188679245283,20.47641509433962,0.020833333333333332,3.6
678218,0.02617801047120419,0.0,80.84456928838951,0.20973782771535582,0.0299625468164794,20.370786516853933,0.020833333333333332,3.4
678225,0.0,0.0,29.799999999999997,0.0,0.0,-54.5,0.020833333333333332,2.0
678246,0.050997782705099776,0.022222222222222223,84.40460750853242,0.2781569965870307,0.07679180887372014,24.262798634812288,0.020833333333333332,4.5
678391,0.013100436681222707,0.0,78.48770764119601,0.15282392026578073,0.023255813953488372,17.003322259136212,0.020833333333333332,3.7
678489,0.012048192771084338,0.0,78.02417582417583,0.2087912087912088,0.01098901098901099,19.252747252747252,0.020833333333333332,1.7
678545,0.04081632653061224,0.02631578947368421,83.14758064516128,0.25806451612903225,0.04838709677419355,16.733870967741936,0.020833333333333332,3.8
678554,0.05263157894736842,0.04878048780487805,88.0,0.0,0.0,12.0,0.020833333333333332,4.1
678577,0.05714285714285714,0.043478260869565216,83.87027027027028,0.2972972972972973,0.05405405405405406,29.45945945945946,0.020833333333333332,2.3
678662,0.028481012658227847,0.03225806451612903,79.99085106382978,0.1829787234042553,0.027659574468085105,24.659574468085108,0.020833333333333332,3.1
678760,0.0,0.0,80.96666666666667,0.05555555555555555,0.05555555555555555,39.22222222222222,0.020833333333333332,2.5
678882,0.033632286995515695,0.0,80.09823529411764,0.17794117647058824,0.025,18.123529411764707,0.020833333333333332,4.5
679529,0.03571428571428571,0.0,83.45804347826086,0.24565217391304348,0.05217391304347826,20.8,0.020833333333333332,3.2
679822,0.05,0.09090909090909091,83.28961538461539,0.25384615384615383,0.057692307692307696,24.96153846153846,0.020833333333333332,3.3
679845,0.018867924528301886,0.023809523809523808,81.20343915343915,0.18783068783068782,0.023809523809523808,13.436507936507937,0.020833333333333332,4.2
680474,0.023809523809523808,0.0,80.73960396039604,0.2376237623762376,0.04950495049504951,23.663366336633665,0.020833333333333332,2.9
680574,0.03873239436619718,0.023809523809523808,80.39692307692307,0.2276923076923077,0.055384615384615386,25.00923076923077,0.020833333333333332,4.2
680664,0.07692307692307693,0.03125,82.97196261682242,0.27102803738317754,0.09345794392523364,14.392523364485982,0.020833333333333332,3.2
680700,0.014760147601476014,0.0,80.28943089430894,0.1951219512195122,0.016260162601626018,15.913279132791327,0.020833333333333332,3.6
680716,0.0,0.0,77.46428571428571,0.21428571428571427,0.0,11.107142857142858,0.020833333333333332,2.5
680718,0.0,0.0,0.0,0.0,0.0,0.0,0.020833333333333332,4.0
680728,0.01639344262295082,0.029411764705882353,82.65302013422819,0.2080536912751678,0.03355704697986577,21.241610738255034,0.020833333333333332,3.4
680737,0.03225806451612903,0.03225806451612903,77.07674418604651,0.06976744186046512,0.0,19.790697674418606,0.020833333333333332,3.1
680757,0.002583979328165375,0.0,79.43636363636364,0.05858585858585859,0.00202020202020202,18.97979797979798,0.020833333333333332,4.9
680776,0.03818615751789976,0.06060606060606061,82.40875000000001,0.25625,0.05,18.158333333333335,0.020833333333333332,3.3
680777,0.041884816753926704,0.05405405405405406,82.40961538461538,0.26153846153846155,0.05,18.153846153846153,0.020833333333333332,3.7
680779,0.03314917127071823,0.0,83.49030837004405,0.3039647577092511,0.04405286343612335,24.647577092511014,0.020833333333333332,2.7
680869,0.04152249134948097,0.0,82.40707964601769,0.25958702064896755,0.04424778761061947,20.44542772861357,0.020833333333333332,4.3
680977,0.0,0.0,81.41692307692308,0.19230769230769232,0.007692307692307693,20.99230769230769,0.020833333333333332,4.4
681047,0.0,0.0,83.615,0.3,0.075,12.0,0.020833333333333332,3.0
681082,0.019417475728155338,0.02702702702702703,83.46375227686704,0.22950819672131148,0.03278688524590164,21.45537340619308,0.020833333333333332,3.7
681146,0.0,0.0,96.53333333333335,0.3333333333333333,0.0,12.666666666666666,0.020833333333333332,4.0
681190,0.0,0.0,0.0,0.0,0.0,0.0,0.020833333333333332,4.0
681198,0.022332506203473945,0.0,80.06107142857142,0.15535714285714286,0.014285714285714285,20.84107142857143,0.020833333333333332,4.2
681230,0.0,0.0,0.0,0.0,0.0,0.0,0.020833333333333332,4.0
681297,0.04924242424242424,0.05555555555555555,81.6190625,0.221875,0.053125,18.25625,0.020833333333333332,3.6
681351,0.01744186046511628,0.0,83.80594059405942,0.25742574257425743,0.054455445544554455,15.806930693069306,0.020833333333333332,2.5
681393,0.016129032258064516,0.04878048780487805,81.41939655172413,0.20689655172413793,0.021551724137931036,21.732758620689655,0.020833333333333332,4.1
681481,0.0472972972972973,0.0,83.17570093457944,0.2523364485981308,0.037383177570093455,21.710280373831775,0.020833333333333332,3.1
681508,0.037267080745341616,0.12121212121212122,84.79371727748692,0.3089005235602094,0.05759162303664921,13.167539267015707,0.020833333333333332,3.3
681546,0.03597122302158273,0.08,80.33888888888889,0.22916666666666666,0.041666666666666664,18.020833333333332,0.020833333333333332,2.5
681624,0.03864734299516908,0.045454545454545456,88.0,0.0,0.0,12.0,0.020833333333333332,4.4
681715,0.06853582554517133,0.09090909090909091,85.02307692307691,0.29945054945054944,0.08516483516483517,16.057692307692307,0.020833333333333332,4.4
681807,0.032520325203252036,0.0,81.41118421052632,0.19736842105263158,0.02631578947368421,20.50657894736842,0.020833333333333332,2.2
681909,0.0,0.0,76.31666666666668,0.041666666666666664,0.0,35.25,0.020833333333333332,1.125
681987,0.027777777777777776,0.030303030303030304,83.97045454545454,0.2727272727272727,0.045454545454545456,7.2272727272727275,0.020833333333333332,3.3
682177,0.01098901098901099,0.0,81.5117903930131,0.20087336244541484,0.03056768558951965,17.16593886462882,0.020833333333333332,3.5
682515,0.0,0.0,79.9,0.0,0.0,12.0,0.020833333333333332,3.0
682622,0.03592814371257485,0.0,82.71836734693878,0.20408163265306123,0.03571428571428571,15.362244897959183,0.020833333333333332,3.3
682626,0.036290322580645164,0.0,83.79703703703704,0.27037037037037037,0.08148148148148149,18.31111111111111,0.020833333333333332,3.6
682634,0.03571428571428571,0.05555555555555555,88.59599999999999,0.24,0.04,15.32,0.020833333333333332,1.8
682657,0.03463203463203463,0.02631578947368421,81.40065146579805,0.24104234527687296,0.035830618892508145,16.04885993485342,0.020833333333333332,3.8
682663,0.0,0.0,78.54197530864197,0.1728395061728395,0.0,13.444444444444445,0.020833333333333332,3.4
682668,0.00847457627118644,0.0,82.41517241379312,0.2482758620689655,0.020689655172413793,10.027586206896551,0.020833333333333332,2.9
682674,0.047058823529411764,0.0,83.52931034482758,0.28448275862068967,0.06896551724137931,15.655172413793103,0.020833333333333332,3.3
682729,0.09090909090909091,0.09090909090909091,82.58214285714287,0.21428571428571427,0.0,20.428571428571427,0.020833333333333332,2.75
682818,0.031055900621118012,0.0,83.03761467889909,0.26605504587155965,0.045871559633027525,19.03211009174312,0.020833333333333332,2.7
682829,0.028645833333333332,0.021739130434782608,85.66908665105386,0.3114754098360656,0.07259953161592506,12.002341920374707,0.020833333333333332,4.6
682848,0.04430379746835443,0.05,85.23763440860215,0.27956989247311825,0.053763440860215055,23.64516129032258,0.020833333333333332,4.0
682877,0.0,0.0,0.0,0.0,0.0,0.0,0.020833333333333332,4.0
682927,0.0,0.0,76.53962264150944,0.16981132075471697,0.018867924528301886,24.037735849056602,0.020833333333333332,3.75
682928,0.049528301886792456,0.0,83.52929475587703,0.24593128390596744,0.045207956600361664,23.300180831826403,0.020833333333333332,4.4
682985,0.034482758620689655,0.022727272727272728,83.8804932735426,0.28475336322869954,0.06950672645739911,18.118834080717487,0.020833333333333332,4.4
682987,0.039603960396039604,0.03225806451612903,85.92310606060606,0.2878787878787879,0.06439393939393939,21.84090909090909,0.020833333333333332,3.1
682988,0.025,0.03333333333333333,80.59642857142856,0.21428571428571427,0.07142857142857142,13.410714285714286,0.020833333333333332,3.0
682989,0.0,0.0,0.0,0.0,0.0,0.0,0.020833333333333332,4.0
682997,0.02857142857142857,0.0,80.54191176470589,0.19852941176470587,0.029411764705882353,24.875,0.020833333333333332,2.5
682998,0.03282275711159737,0.023255813953488372,85.54118705035971,0.32014388489208634,0.06474820143884892,22.06654676258993,0.020833333333333332,4.3
683002,0.02813852813852814,0.046511627906976744,83.17019543973942,0.25895765472312704,0.03257328990228013,15.267100977198696,0.020833333333333332,4.3
683011,0.005235602094240838,0.0,82.3694560669456,0.20920502092050208,0.02092050209205021,20.761506276150627,0.020833333333333332,3.3
683021,0.0,0.0,81.6692307692308,0.07692307692307693,0.0,7.153846153846154,0.020833333333333332,2.0
683079,0.0,0.0,99.6,0.5,0.0,-5.0,0.020833333333333332,1.0
683083,0.0029850746268656717,0.0,79.19670329670329,0.12967032967032968,0.004395604395604396,17.606593406593408,0.020833333333333332,3.5
683090,0.0,0.0,69.20000000000002,0.0,0.0,70.0,0.020833333333333332,1.0
683146,0.022950819672131147,0.0,83.54755784061696,0.2416452442159383,0.04884318766066838,19.089974293059125,0.020833333333333332,2.4
683227,0.014492753623188406,0.02702702702702703,77.73235294117646,0.18627450980392157,0.00980392156862745,14.196078431372548,0.020833333333333332,3.7
683357,0.05365853658536585,0.0,82.33608695652174,0.24347826086956523,0.07391304347826087,18.07391304347826,0.020833333333333332,2.8
683679,0.03508771929824561,0.041666666666666664,80.30273972602738,0.1917808219178082,0.0136986301369863,15.67123287671233,0.020833333333333332,2.4
683734,0.017241379310344827,0.0,84.1621776504298,0.2836676217765043,0.03151862464183381,14.636103151862464,0.020833333333333332,3.1
683737,0.031982942430703626,0.04081632653061224,82.6350442477876,0.22654867256637168,0.047787610619469026,17.76283185840708,0.020833333333333332,4.9
683748,0.055865921787709494,0.058823529411764705,81.52520661157024,0.24380165289256198,0.06198347107438017,24.00826446280992,0.020833333333333332,3.4
683766,0.00819672131147541,0.027777777777777776,78.12430555555555,0.1875,0.034722222222222224,11.32638888888889,0.020833333333333332,3.6
683953,0.02195121951219512,0.0,83.24359464627152,0.22562141491395793,0.022944550669216062,18.250478011472275,0.020833333333333332,4.3
685133,0.012145748987854251,0.0,81.4382456140351,0.19649122807017544,0.017543859649122806,10.971929824561403,0.020833333333333332,4.1
686217,0.004694835680751174,0.02857142857142857,80.23414634146341,0.1951219512195122,0.006968641114982578,18.00348432055749,0.020833333333333332,3.5
686452,0.022727272727272728,0.0,79.49622641509434,0.1320754716981132,0.018867924528301886,16.745283018867923,0.020833333333333332,3.8
686469,0.01984126984126984,0.06818181818181818,84.3912087912088,0.28846153846153844,0.03296703296703297,21.324175824175825,0.020833333333333332,4.4
686475,0.024193548387096774,0.0,78.3109489051095,0.1678832116788321,0.021897810218978103,16.83941605839416,0.020833333333333332,2.5
686527,0.04927536231884058,0.022727272727272728,83.44811320754717,0.2617924528301887,0.06132075471698113,13.459905660377359,0.020833333333333332,4.4
686554,0.0,0.0,75.64545454545454,0.09090909090909091,0.0,1.1818181818181819,0.020833333333333332,2.2
686555,0.011527377521613832,0.0,82.51853658536585,0.2731707317073171,0.02926829268292683,19.98780487804878,0.020833333333333332,3.5
686611,0.028328611898016998,0.0,83.7609411764706,0.2611764705882353,0.05176470588235294,19.094117647058823,0.020833333333333332,4.3
686668,0.023809523809523808,0.038461538461538464,88.0,0.0,0.0,12.0,0.020833333333333332,2.6
686681,0.033783783783783786,0.05714285714285714,83.98258823529413,0.2564705882352941,0.03294117647058824,18.47529411764706,0.020833333333333332,3.5
686765,0.015957446808510637,0.044444444444444446,80.703125,0.20089285714285715,0.026785714285714284,17.950892857142858,0.020833333333333332,4.5
686780,0.008849557522123894,0.0,80.1525,0.2,0.0125,19.59375,0.020833333333333332,2.9
686797,0.04116222760290557,0.0975609756097561,83.4614876033058,0.228099173553719,0.019834710743801654,17.839669421487603,0.020833333333333332,4.1
686823,0.0,0.0,80.02105263157895,0.10526315789473684,0.0,25.31578947368421,0.020833333333333332,2.4
686894,0.0,0.0,83.78461538461539,0.11538461538461539,0.0,22.076923076923077,0.020833333333333332,3.0
686948,0.040229885057471264,0.023255813953488372,85.274213836478,0.3081761006289308,0.05870020964360587,18.742138364779873,0.020833333333333332,4.3
687093,0.025396825396825397,0.046511627906976744,81.25080091533182,0.21967963386727687,0.038901601830663615,17.382151029748282,0.020833333333333332,4.3
687221,0.026595744680851064,0.05555555555555555,88.0,0.0,0.0,12.0,0.020833333333333332,3.6
687231,0.0,0.0,88.0,0.0,0.0,12.0,0.020833333333333332,3.6
687263,0.041666666666666664,0.06382978723404255,83.27161410018552,0.27087198515769945,0.059369202226345084,16.985157699443413,0.020833333333333332,4.7
687282,0.022988505747126436,0.0,88.0,0.0,0.0,12.0,0.020833333333333332,2.7
687363,0.011764705882352941,0.0,75.35855855855856,0.11711711711711711,0.0,17.126126126126128,0.020833333333333332,3.1
687394,0.0,0.0,88.0,0.0,0.0,12.0,0.020833333333333332,4.0
687401,0.026717557251908396,0.02702702702702703,83.61873198847262,0.25936599423631124,0.023054755043227664,15.250720461095101,0.020833333333333332,3.7
687462,0.026415094339622643,0.0,81.57162162162162,0.1918918918918919,0.04594594594594595,19.34864864864865,0.020833333333333332,4.2
687515,0.029411764705882353,0.0,88.0,0.0,0.0,12.0,0.020833333333333332,2.2
687529,0.017241379310344827,0.0,78.41935483870967,0.16129032258064516,0.06451612903225806,17.580645161290324,0.020833333333333332,3.4
687551,0.020905923344947737,0.06060606060606061,80.69914040114614,0.22636103151862463,0.03151862464183381,18.240687679083095,0.020833333333333332,3.3
687597,0.0,0.0,80.24022988505747,0.20689655172413793,0.034482758620689655,20.25287356321839,0.020833333333333332,3.0
687605,0.047619047619047616,0.047619047619047616,85.23157894736842,0.21052631578947367,0.05263157894736842,7.315789473684211,0.020833333333333332,2.1
687637,0.02247191011235955,0.030303030303030304,82.71261261261262,0.22972972972972974,0.04054054054054054,24.05855855855856,0.020833333333333332,3.3
687749,0.023809523809523808,0.058823529411764705,80.92962962962963,0.25925925925925924,0.06172839506172839,15.666666666666666,0.020833333333333332,1.7
687859,0.007142857142857143,0.03333333333333333,82.78411458333333,0.21875,0.013020833333333334,19.1796875,0.020833333333333332,3.0
687952,0.05303030303030303,0.02564102564102564,82.26255924170617,0.2037914691943128,0.06635071090047394,20.72037914691943,0.020833333333333332,3.9
687957,0.0,0.0,88.0,0.0,0.0,12.0,0.020833333333333332,3.6
688363,0.0,0.0,80.4274193548387,0.1774193548387097,0.03225806451612903,19.35483870967742,0.020833333333333332,2.4
689414,0.02680965147453083,0.030303030303030304,80.01648351648352,0.189010989010989,0.017582417582417582,16.716483516483517,0.020833333333333332,3.3
690022,0.0,0.0,86.63333333333334,0.1111111111111111,0.0,5.111111111111111,0.020833333333333332,2.25
690291,0.0,0.0,0.0,0.0,0.0,0.0,0.020833333333333332,4.0
690924,0.0,0.0,78.59101123595507,0.14606741573033707,0.033707865168539325,30.202247191011235,0.020833333333333332,2.4
690976,0.015267175572519083,0.0,82.17552447552448,0.23076923076923078,0.006993006993006993,17.097902097902097,0.020833333333333332,2.4
690984,0.0196078431372549,0.02857142857142857,88.0,0.0,0.0,12.0,0.020833333333333332,3.5
690993,0.03202846975088968,0.0,82.88403361344538,0.23529411764705882,0.04481792717086835,17.58263305322129,0.020833333333333332,2.9
691002,0.0,0.0,0.0,0.0,0.0,0.0,0.020833333333333332,4.0
691011,0.022222222222222223,0.05555555555555555,79.70181818181818,0.2,0.022727272727272728,19.09090909090909,0.020833333333333332,3.6
691016,0.04823151125401929,0.047619047619047616,84.74923857868022,0.26903553299492383,0.04060913705583756,16.068527918781726,0.020833333333333332,4.2
691019,0.028985507246376812,0.029411764705882353,81.9729411764706,0.25882352941176473,0.047058823529411764,15.988235294117647,0.020833333333333332,3.4
691023,0.03953488372093023,0.047619047619047616,84.89631782945736,0.28294573643410853,0.06589147286821706,15.029069767441861,0.020833333333333332,4.2
691026,0.01098901098901099,0.024390243902439025,88.0,0.0,0.0,12.0,0.020833333333333332,4.1
691176,0.02617801047120419,0.022222222222222223,81.93636363636364,0.2608695652173913,0.03162055335968379,19.549407114624508,0.020833333333333332,4.5
691182,0.038461538461538464,0.038461538461538464,76.58125000000001,0.03125,0.03125,18.0625,0.020833333333333332,2.6
691277,0.0,0.0,0.0,0.0,0.0,0.0,0.020833333333333332,4.0
691373,0.0,0.0,79.02878787878787,0.16666666666666666,0.015151515151515152,18.015151515151516,0.020833333333333332,2.8
691406,0.0611353711790393,0.047619047619047616,87.34176245210729,0.3735632183908046,0.08237547892720307,12.262452107279694,0.020833333333333332,4.2
691458,0.01020408163265306,0.0,82.28485915492958,0.2852112676056338,0.0528169014084507,15.869718309859154,0.020833333333333332,3.5
691594,0.019169329073482427,0.0,81.21223628691983,0.22362869198312235,0.012658227848101266,15.529535864978904,0.020833333333333332,4.0
691718,0.07322175732217573,0.14583333333333334,83.67939297124602,0.3003194888178914,0.0670926517571885,23.549520766773163,0.020833333333333332,4.8
691720,0.03125,0.023809523809523808,82.64251968503937,0.24671916010498687,0.04199475065616798,15.984251968503937,0.020833333333333332,4.2
691723,0.05970149253731343,0.07692307692307693,84.37118155619596,0.3227665706051873,0.069164265129683,23.15850144092219,0.020833333333333332,3.9
691728,0.05714285714285714,0.0,82.990625,0.25,0.0625,12.03125,0.020833333333333332,1.9
691740,0.022222222222222223,0.09090909090909091,80.38652849740933,0.17616580310880828,0.025906735751295335,19.76683937823834,0.020833333333333332,3.3
691777,0.035211267605633804,0.05714285714285714,82.08728323699422,0.20809248554913296,0.05202312138728324,23.08092485549133,0.020833333333333332,3.5
691781,0.03773584905660377,0.02631578947368421,83.429,0.305,0.055,19.81,0.020833333333333332,3.8
691783,0.03389830508474576,0.06451612903225806,79.67066666666666,0.10666666666666667,0.02666666666666667,13.76,0.020833333333333332,3.1
691785,0.015748031496062992,0.0,80.02590361445783,0.22289156626506024,0.024096385542168676,10.572289156626505,0.020833333333333332,3.5
691788,0.044444444444444446,0.03225806451612903,81.51065088757396,0.25443786982248523,0.047337278106508875,11.431952662721894,0.020833333333333332,3.1
691858,0.0,0.0,0.0,0.0,0.0,0.0,0.020833333333333332,4.0
691907,0.0,0.0,77.63783783783784,0.13513513513513514,0.05405405405405406,11.135135135135135,0.020833333333333332,3.4
693304,0.01485148514851485,0.0,81.55559566787004,0.19855595667870035,0.018050541516245487,13.465703971119133,0.020833333333333332,4.4
693307,0.047505938242280284,0.0,82.99075785582255,0.26247689463955637,0.04251386321626617,17.96857670979667,0.020833333333333332,3.9
693409,0.0,0.0,83.3875,0.21875,0.03125,12.3125,0.020833333333333332,2.7
693459,0.0,0.0,82.73157894736842,0.13157894736842105,0.0,16.263157894736842,0.020833333333333332,2.8333333333333335
694025,0.0,0.0,86.92857142857143,0.14285714285714285,0.07142857142857142,0.14285714285714285,0.020833333333333332,3.0
694192,0.04291845493562232,0.06666666666666667,84.6968438538206,0.27740863787375414,0.0681063122923588,16.19933554817276,0.020833333333333332,4.5
694197,0.012345679012345678,0.0,86.51782178217823,0.36633663366336633,0.0297029702970297,6.524752475247524,0.020833333333333332,3.9
694203,0.026785714285714284,0.029411764705882353,80.5593103448276,0.20689655172413793,0.03103448275862069,16.382758620689657,0.020833333333333332,3.4
694208,0.0,0.0,82.38971193415638,0.24279835390946503,0.03292181069958848,17.275720164609055,0.020833333333333332,4.4
694212,0.04838709677419355,0.02702702702702703,83.31517027863777,0.2631578947368421,0.07120743034055728,12.390092879256965,0.020833333333333332,3.7
694224,0.0,0.0,74.27142857142856,0.0,0.0,11.857142857142858,0.020833333333333332,2.5
694249,0.022058823529411766,0.02564102564102564,81.72981530343007,0.19525065963060687,0.023746701846965697,20.34036939313984,0.020833333333333332,3.9
694362,0.013157894736842105,0.0,79.8789156626506,0.19879518072289157,0.018072289156626505,19.566265060240966,0.020833333333333332,4.5
694371,0.03007518796992481,0.027777777777777776,79.88666666666666,0.19393939393939394,0.05454545454545454,14.49090909090909,0.020833333333333332,3.6
694374,0.037037037037037035,0.05128205128205128,83.2669117647059,0.30514705882352944,0.0661764705882353,14.900735294117647,0.020833333333333332,3.9
694376,0.05263157894736842,0.058823529411764705,78.95238095238095,0.2619047619047619,0.09523809523809523,13.69047619047619,0.020833333333333332,3.4
694377,0.0,0.0,88.0,0.0,0.0,12.0,0.020833333333333332,3.2
694378,0.031088082901554404,0.0,80.78274760383387,0.2012779552715655,0.01597444089456869,23.44408945686901,0.020833333333333332,2.5
694384,0.013157894736842105,0.0,81.66502463054188,0.20689655172413793,0.014778325123152709,18.773399014778324,0.020833333333333332,4.2
694388,0.0196078431372549,0.03571428571428571,80.6453125,0.15625,0.046875,15.046875,0.020833333333333332,2.8
694410,0.019230769230769232,0.02702702702702703,83.5875,0.265625,0.0625,18.796875,0.020833333333333332,3.7
694497,0.018656716417910446,0.0,79.57417218543047,0.2119205298013245,0.023178807947019868,16.602649006622517,0.020833333333333332,3.0
694514,0.02666666666666667,0.08,81.19166666666666,0.22916666666666666,0.03125,16.5,0.020833333333333332,2.5
694671,0.04895104895104895,0.021739130434782608,83.67647058823529,0.2531969309462916,0.03580562659846547,24.63682864450128,0.020833333333333332,4.6
694673,0.053763440860215055,0.0,85.88933333333333,0.3333333333333333,0.04,17.926666666666666,0.020833333333333332,4.0
694728,0.0273972602739726,0.03125,81.3076923076923,0.2564102564102564,0.05128205128205128,16.903846153846153,0.020833333333333332,3.2
694876,0.0,0.0,80.08695652173913,0.13043478260869565,0.0,1.0869565217391304,0.020833333333333332,3.3333333333333335
695238,0.0,0.0,78.24509803921569,0.13725490196078433,0.0,14.352941176470589,0.020833333333333332,3.0
695257,0.0,0.0,79.71707317073171,0.17073170731707318,0.0,25.195121951219512,0.020833333333333332,2.3
695336,0.03333333333333333,0.041666666666666664,81.65238095238095,0.19047619047619047,0.09523809523809523,21.666666666666668,0.020833333333333332,2.4
695391,0.0,0.0,74.8,0.0,0.0,23.666666666666668,0.020833333333333332,2.5
695490,0.0,0.0,82.93578947368421,0.2,0.015789473684210527,18.736842105263158,0.020833333333333332,3.4
695491,0.0847457627118644,0.058823529411764705,85.15538461538462,0.3384615384615385,0.07692307692307693,21.984615384615385,0.020833333333333332,3.4
695506,0.05235602094240838,0.023809523809523808,86.06336633663366,0.35247524752475246,0.07326732673267326,10.685148514851486,0.020833333333333332,4.2
695508,0.015625,0.0,79.0450704225352,0.1267605633802817,0.0,16.338028169014084,0.020833333333333332,2.3
695578,0.0547945205479452,0.0425531914893617,87.0452196382429,0.34366925064599485,0.10077519379844961,11.69767441860465,0.020833333333333332,4.7
695600,0.032663316582914576,0.06818181818181818,83.51182572614108,0.24066390041493776,0.04979253112033195,21.898340248962654,0.020833333333333332,4.4
695657,0.04938271604938271,0.07142857142857142,83.6948051948052,0.2857142857142857,0.05627705627705628,22.928571428571427,0.020833333333333332,4.2
695670,0.037037037037037035,0.02857142857142857,78.81299999999999,0.16,0.05,16.76,0.020833333333333332,3.5
695681,0.016666666666666666,0.02564102564102564,80.30263157894737,0.15789473684210525,0.05263157894736842,18.789473684210527,0.020833333333333332,3.9
695720,0.013245033112582781,0.0,81.82153110047847,0.20095693779904306,0.04784688995215311,16.48803827751196,0.020833333333333332,4.2
695731,0.0176678445229682,0.023255813953488372,82.7462643678161,0.25287356321839083,0.022988505747126436,10.554597701149426,0.020833333333333332,4.3
695734,0.04,0.11363636363636363,82.69258675078864,0.22712933753943218,0.052050473186119876,20.993690851735014,0.020833333333333332,4.4
696030,0.005025125628140704,0.0,81.80078740157481,0.20078740157480315,0.003937007874015748,13.61023622047244,0.020833333333333332,2.7
696100,0.07605633802816901,0.05,83.68932714617169,0.271461716937355,0.08120649651972157,21.382830626450115,0.020833333333333332,4.0
696135,0.011235955056179775,0.0,82.0979797979798,0.23232323232323232,0.04040404040404041,13.16161616161616,0.020833333333333332,3.5
696285,0.02666666666666667,0.0,82.53804034582133,0.21037463976945245,0.043227665706051875,16.976945244956774,0.020833333333333332,3.6
699013,0.06177606177606178,0.047619047619047616,84.53522727272727,0.2765151515151515,0.0946969696969697,17.011363636363637,0.020833333333333332,4.2
699024,0.0,0.0,0.0,0.0,0.0,0.0,0.020833333333333332,4.0
699302,0.0547945205479452,0.09523809523809523,83.20869565217392,0.2391304347826087,0.05434782608695652,10.25,0.020833333333333332,4.2
699393,0.0213903743315508,0.047619047619047616,83.8171875,0.28125,0.0234375,15.703125,0.020833333333333332,4.2
699625,0.03424657534246575,0.03571428571428571,85.14759036144578,0.2710843373493976,0.05421686746987952,15.13855421686747,0.020833333333333332,2.8
699912,0.0,0.0,77.99782608695652,0.21014492753623187,0.014492753623188406,6.688405797101449,0.020833333333333332,3.5
700246,0.0,0.0,78.45555555555556,0.05555555555555555,0.0,23.055555555555557,0.020833333333333332,2.3333333333333335
700250,0.053117782909930716,0.022727272727272728,84.7401473296501,0.285451197053407,0.06629834254143646,16.36648250460405,0.020833333333333332,4.4
700337,0.02564102564102564,0.02702702702702703,82.29277777777777,0.22777777777777777,0.022222222222222223,19.433333333333334,0.020833333333333332,3.7
700652,0.05555555555555555,0.05555555555555555,83.44,0.1,0.03333333333333333,33.333333333333336,0.020833333333333332,3.0
700932,0.044897959183673466,0.09375,83.91915584415585,0.237012987012987,0.06168831168831169,25.18831168831169,0.020833333333333332,3.2
701162,0.03488372093023256,0.07692307692307693,82.07551020408164,0.22448979591836735,0.030612244897959183,16.96938775510204,0.020833333333333332,2.6
701305,0.012195121951219513,0.0,81.34318181818182,0.18181818181818182,0.045454545454545456,14.431818181818182,0.020833333333333332,2.4
701350,0.0,0.0,89.39999999999999,0.17857142857142858,0.0,22.857142857142858,0.020833333333333332,3.3333333333333335
701358,0.037463976945244955,0.0,83.48619957537154,0.2929936305732484,0.04883227176220807,18.42462845010616,0.020833333333333332,3.1
701398,0.048672566371681415,0.08695652173913043,84.2326164874552,0.22401433691756273,0.06272401433691756,19.555555555555557,0.020833333333333332,4.6
701538,0.04377880184331797,0.06666666666666667,83.43696682464454,0.25118483412322273,0.053712480252764615,20.94312796208531,0.020833333333333332,4.5
701649,0.0,0.0,81.68,0.1,0.0,8.0,0.020833333333333332,1.25
701675,0.017857142857142856,0.02702702702702703,78.53289183222957,0.15011037527593818,0.019867549668874173,22.275938189845476,0.020833333333333332,3.7
701678,0.03070175438596491,0.05405405405405406,83.24872727272728,0.2690909090909091,0.05090909090909091,15.0,0.020833333333333332,3.7
701762,0.05734767025089606,0.030303030303030304,85.05855263157895,0.3092105263157895,0.08223684210526316,17.907894736842106,0.020833333333333332,3.3
701785,0.038461538461538464,0.05263157894736842,83.3970297029703,0.21782178217821782,0.0297029702970297,16.871287128712872,0.020833333333333332,3.8
701807,0.03189066059225513,0.023809523809523808,82.55866666666667,0.22666666666666666,0.041666666666666664,16.893333333333334,0.020833333333333332,4.2
701852,0.0,0.0,78.94965034965035,0.16783216783216784,0.027972027972027972,16.762237762237763,0.020833333333333332,2.8
702176,0.0,0.0,83.07244897959184,0.2653061224489796,0.030612244897959183,14.76530612244898,0.020833333333333332,3.0
702222,0.006734006734006734,0.0,81.00304347826088,0.2,0.006521739130434782,13.484782608695653,0.020833333333333332,3.3
702284,0.031476997578692496,0.025,82.55553571428571,0.2392857142857143,0.019642857142857142,19.573214285714286,0.020833333333333332,4.0
702332,0.02894736842105263,0.0,78.3091439688716,0.16731517509727625,0.017509727626459144,16.64396887159533,0.020833333333333332,3.7
702616,0.019672131147540985,0.0,82.11538461538461,0.21652421652421652,0.037037037037037035,16.88888888888889,0.020833333333333332,4.5
703155,0.0,0.0,0.0,0.0,0.0,0.0,0.020833333333333332,4.0
703492,0.0,0.0,73.91428571428571,0.07142857142857142,0.0,-4.0,0.020833333333333332,3.25
703520,0.0,0.0,77.55462962962964,0.12962962962962962,0.0,8.712962962962964,0.020833333333333332,4.5
703601,0.018518518518518517,0.030303030303030304,80.78993710691823,0.22641509433962265,0.006289308176100629,18.761006289308177,0.020833333333333332,3.3
703607,0.01643835616438356,0.0,83.82388059701492,0.2885572139303483,0.03731343283582089,6.624378109452737,0.020833333333333332,4.6
800050,0.02,0.0,83.98951781970649,0.2893081761006289,0.029350104821802937,15.153039832285115,0.020833333333333332,3.2
800325,0.006993006993006993,0.0,82.96335078534031,0.2670157068062827,0.02617801047120419,15.157068062827225,0.020833333333333332,3.4
801126,0.0,0.0,83.10227272727273,0.22727272727272727,0.022727272727272728,17.795454545454547,0.020833333333333332,3.2
801501,0.0,0.0,78.85517241379311,0.10344827586206896,0.0,15.96551724137931,0.020833333333333332,1.8
802139,0.023474178403755867,0.023809523809523808,84.51034482758621,0.2835249042145594,0.040229885057471264,18.6455938697318,0.020833333333333332,4.2
802415,0.0,0.0,77.4004008016032,0.09218436873747494,0.0,5.871743486973948,0.020833333333333332,4.2
803011,0.01715686274509804,0.0,81.30304659498209,0.1863799283154122,0.01971326164874552,15.593189964157705,0.020833333333333332,3.9
804606,0.0234375,0.0425531914893617,82.34615384615384,0.27218934911242604,0.03550295857988166,11.384615384615385,0.020833333333333332,4.7
804668,0.07692307692307693,0.08108108108108109,83.71326530612247,0.24489795918367346,0.09183673469387756,20.6734693877551,0.020833333333333332,3.7
805249,0.0,0.0,66.41666666666667,0.0,0.0,29.5,0.020833333333333332,1.5
805300,0.018666666666666668,0.025,80.90797266514807,0.23006833712984054,0.02050113895216401,19.51025056947608,0.020833333333333332,4.0
805346,0.0,0.0,0.0,0.0,0.0,0.0,0.020833333333333332,4.0
805347,0.008264462809917356,0.0,81.29477124183006,0.24183006535947713,0.0196078431372549,5.61437908496732,0.020833333333333332,2.9
805367,0.02650602409638554,0.0,81.95925925925926,0.20555555555555555,0.022222222222222223,13.451851851851853,0.020833333333333332,4.3
805672,0.0,0.0,86.8,0.125,0.0,15.375,0.020833333333333332,3.0
805779,0.026455026455026454,0.0,80.21290322580644,0.1827956989247312,0.017921146953405017,11.53763440860215,0.020833333333333332,3.8
805805,0.03571428571428571,0.03571428571428571,80.11250000000001,0.125,0.03125,22.0625,0.020833333333333332,3.5
805808,0.02666666666666667,0.023255813953488372,82.3715,0.22666666666666666,0.028333333333333332,21.796666666666667,0.020833333333333332,4.3
805811,0.0395778364116095,0.022727272727272728,84.59155844155845,0.29653679653679654,0.06060606060606061,15.995670995670995,0.020833333333333332,4.4
805904,0.057692307692307696,0.030303030303030304,86.12115384615385,0.3076923076923077,0.09615384615384616,20.23076923076923,0.020833333333333332,3.3
805999,0.0175,0.0,81.42896281800392,0.2191780821917808,0.03522504892367906,17.998043052837573,0.020833333333333332,4.2
806068,0.03361344537815126,0.029411764705882353,80.7983108108108,0.18243243243243243,0.02364864864864865,17.739864864864863,0.020833333333333332,3.4
806146,0.023809523809523808,0.0,80.59306930693069,0.22772277227722773,0.039603960396039604,10.227722772277227,0.020833333333333332,3.8
806198,0.016042780748663103,0.027777777777777776,80.59004149377593,0.1825726141078838,0.02074688796680498,14.033195020746888,0.020833333333333332,3.6
806367,0.0,0.0,82.45714285714286,0.30612244897959184,0.04081632653061224,10.857142857142858,0.020833333333333332,3.2
807712,0.021447721179624665,0.044444444444444446,81.28986486486485,0.21846846846846846,0.02252252252252252,18.68918918918919,0.020833333333333332,4.5
807713,0.02857142857142857,0.06666666666666667,79.53368421052632,0.23157894736842105,0.021052631578947368,23.978947368421053,0.020833333333333332,3.0
807726,0.0,0.0,0.0,0.0,0.0,0.0,0.020833333333333332,4.0
807727,0.02631578947368421,0.0,80.953,0.19,0.03,19.87,0.020833333333333332,3.6
807747,0.0,0.0,81.47575757575757,0.06060606060606061,0.0,10.181818181818182,0.020833333333333332,2.8
807799,0.021367521367521368,0.022222222222222223,84.69966887417219,0.27483443708609273,0.026490066225165563,16.539735099337747,0.020833333333333332,4.5
808959,0.053691275167785234,0.0,85.6594982078853,0.3225806451612903,0.0931899641577061,18.49462365591398,0.020833333333333332,4.5
808975,0.0,0.0,78.98356164383561,0.136986301369863,0.0136986301369863,18.575342465753426,0.020833333333333332,3.5
808982,0.018518518518518517,0.0,81.88260869565217,0.1956521739130435,0.014492753623188406,14.757246376811594,0.020833333333333332,3.9
810938,0.01744186046511628,0.03225806451612903,82.62455357142856,0.24107142857142858,0.013392857142857142,10.334821428571429,0.020833333333333332,3.1
811965,0.0,0.0,83.33936170212766,0.2553191489361702,0.0,19.574468085106382,0.020833333333333332,4.0
813841,0.057971014492753624,0.1111111111111111,79.83857142857143,0.2714285714285714,0.07142857142857142,22.12857142857143,0.020833333333333332,2.7
814430,0.029411764705882353,0.03571428571428571,83.32978723404256,0.2553191489361702,0.02127659574468085,15.914893617021276,0.020833333333333332,2.8
814439,0.011857707509881422,0.03225806451612903,81.17014925373134,0.19776119402985073,0.03731343283582089,17.708955223880597,0.020833333333333332,3.1
815873,0.02857142857142857,0.03225806451612903,86.35434782608695,0.391304347826087,0.0,25.97826086956522,0.020833333333333332,3.1
823550,0.006993006993006993,0.0,81.31611111111111,0.2,0.022222222222222223,15.183333333333334,0.020833333333333332,2.7
828599,0.0,0.0,82.02439024390245,0.21951219512195122,0.024390243902439025,9.731707317073171,0.020833333333333332,3.7
